[
    {
        "title": "欢迎使用 Simple Blog",
        "summary": "这是您的第一篇博客文章，欢迎来到 Simple Blog 的世界！",
        "content": "# 欢迎使用 Simple Blog\n\n这是您的第一篇博客文章。Simple Blog 是一个简单而强大的博客系统，帮助您轻松管理和发布内容。\n\n## 主要功能\n\n- 📝 文章管理\n- 📂 分类管理\n- 🎨 美观的界面\n- 📱 响应式设计\n\n开始创建您的内容吧！",
        "status": "published",
        "categoryName": "技术分享",
        "sort": 10,
        "viewCount": 0
    },
    {
        "title": "如何开始写博客",
        "summary": "分享一些写博客的技巧和经验，帮助新手快速入门。",
        "content": "# 如何开始写博客\n\n写博客是一个很好的习惯，可以帮助您记录思考、分享知识。\n\n## 写作建议\n\n1. **确定主题**：选择一个您熟悉或感兴趣的主题\n2. **结构清晰**：使用标题、列表等让文章更易读\n3. **持续更新**：定期发布新内容，保持活跃\n4. **与读者互动**：回复评论，建立社区\n\n## 内容类型\n\n- 技术教程\n- 经验分享\n- 产品思考\n- 生活随笔\n\n开始您的博客之旅吧！",
        "status": "published",
        "categoryName": "生活随笔",
        "sort": 9,
        "viewCount": 0
    },
    {
        "title": "产品设计的基本原则",
        "summary": "探讨产品设计中需要遵循的基本原则和最佳实践。",
        "content": "# 产品设计的基本原则\n\n好的产品设计不仅仅是美观，更重要的是用户体验。\n\n## 核心原则\n\n### 1. 用户为中心\n\n始终以用户需求为出发点，理解用户的痛点和期望。\n\n### 2. 简洁明了\n\n避免不必要的复杂性，保持界面和流程的简洁。\n\n### 3. 一致性\n\n保持设计元素、交互方式的一致性，降低学习成本。\n\n### 4. 反馈机制\n\n及时给用户反馈，让用户知道操作的结果。\n\n## 设计流程\n\n1. 用户研究\n2. 需求分析\n3. 原型设计\n4. 用户测试\n5. 迭代优化\n\n记住：好的设计是不断迭代的结果。",
        "status": "published",
        "categoryName": "产品思考",
        "sort": 8,
        "viewCount": 0
    },
    {
        "title": "前端开发最佳实践",
        "summary": "分享前端开发中的一些最佳实践和常见问题的解决方案。",
        "content": "# 前端开发最佳实践\n\n前端开发是一个快速发展的领域，掌握最佳实践可以帮助我们写出更好的代码。\n\n## 代码规范\n\n- 使用 ESLint 和 Prettier 保持代码风格一致\n- 遵循组件化开发原则\n- 合理使用 TypeScript 提高代码质量\n\n## 性能优化\n\n- 代码分割和懒加载\n- 图片优化和 CDN 使用\n- 缓存策略\n\n## 用户体验\n\n- 加载状态提示\n- 错误处理\n- 响应式设计\n\n持续学习，保持对新技术的关注！",
        "status": "published",
        "categoryName": "技术分享",
        "sort": 7,
        "viewCount": 0
    },
    {
        "title": "项目开发日志 - 第一周",
        "summary": "记录项目开发第一周的进展和遇到的问题。",
        "content": "# 项目开发日志 - 第一周\n\n## 本周进展\n\n- ✅ 完成项目架构设计\n- ✅ 搭建开发环境\n- ✅ 实现核心功能模块\n\n## 遇到的问题\n\n1. **环境配置**：开发环境与生产环境的差异\n2. **性能优化**：初期性能瓶颈的识别和解决\n\n## 下周计划\n\n- 完善测试用例\n- 优化用户体验\n- 准备上线部署\n\n持续记录，持续改进！",
        "status": "published",
        "categoryName": "开发日志",
        "sort": 6,
        "viewCount": 0
    },
    {
        "title": "技术选型的思考",
        "summary": "在项目开发中，如何做出合适的技术选型决策。",
        "content": "# 技术选型的思考\n\n技术选型是项目开发中的重要决策，需要综合考虑多个因素。\n\n## 考虑因素\n\n### 1. 项目需求\n\n根据项目的具体需求选择合适的技术栈。\n\n### 2. 团队能力\n\n考虑团队的技术背景和学习成本。\n\n### 3. 社区支持\n\n选择有活跃社区和良好文档的技术。\n\n### 4. 长期维护\n\n考虑技术的长期发展和维护成本。\n\n## 选型原则\n\n- 不盲目追求新技术\n- 优先选择成熟稳定的方案\n- 保持技术栈的一致性\n\n合适的才是最好的！",
        "status": "draft",
        "categoryName": "技术分享",
        "sort": 5,
        "viewCount": 0
    },
    {
        "title": "Vue 3 Composition API 深度解析",
        "summary": "深入探讨 Vue 3 的 Composition API，了解其设计理念和使用技巧。",
        "content": "# Vue 3 Composition API 深度解析\n\nVue 3 引入了 Composition API，这是 Vue 框架的一次重大升级。\n\n## 为什么需要 Composition API\n\n### Options API 的局限性\n\n- 逻辑分散在多个选项中\n- 大型组件难以维护\n- 代码复用困难\n\n### Composition API 的优势\n\n- 逻辑集中，易于理解\n- 更好的 TypeScript 支持\n- 更灵活的代码组织\n\n## 核心概念\n\n### setup 函数\n\n`setup` 是 Composition API 的入口点，在组件创建之前执行。\n\n### 响应式 API\n\n- `ref`: 用于基本类型\n- `reactive`: 用于对象\n- `computed`: 计算属性\n- `watch`: 监听变化\n\n## 实际应用\n\n通过组合式函数（Composables），我们可以轻松复用逻辑。\n\n```javascript\nfunction useCounter() {\n  const count = ref(0)\n  const increment = () => count.value++\n  return { count, increment }\n}\n```\n\n## 总结\n\nComposition API 让 Vue 组件更加灵活和强大，是未来开发的方向。",
        "status": "published",
        "categoryName": "技术分享",
        "sort": 4,
        "viewCount": 0
    },
    {
        "title": "TypeScript 进阶技巧",
        "summary": "分享 TypeScript 开发中的高级技巧和最佳实践。",
        "content": "# TypeScript 进阶技巧\n\nTypeScript 提供了强大的类型系统，掌握一些进阶技巧可以让我们写出更优雅的代码。\n\n## 类型工具\n\n### 1. 条件类型\n\n```typescript\ntype NonNullable<T> = T extends null | undefined ? never : T\n```\n\n### 2. 映射类型\n\n```typescript\ntype Readonly<T> = {\n  readonly [P in keyof T]: T[P]\n}\n```\n\n### 3. 模板字面量类型\n\n```typescript\ntype EventName<T extends string> = `on${Capitalize<T>}`\n```\n\n## 实用技巧\n\n### 类型守卫\n\n使用类型守卫可以缩小类型范围，提高代码安全性。\n\n### 泛型约束\n\n合理使用泛型约束可以让类型更加精确。\n\n### 工具类型\n\nTypeScript 内置了许多有用的工具类型，如 `Partial`、`Pick`、`Omit` 等。\n\n## 最佳实践\n\n- 避免使用 `any`\n- 充分利用类型推断\n- 使用类型别名提高可读性\n- 合理使用泛型\n\n掌握这些技巧，让 TypeScript 成为你的得力助手！",
        "status": "published",
        "categoryName": "技术分享",
        "sort": 3,
        "viewCount": 0
    },
    {
        "title": "Node.js 性能优化实践",
        "summary": "探讨 Node.js 应用性能优化的各种方法和技巧。",
        "content": "# Node.js 性能优化实践\n\nNode.js 应用的性能优化是一个持续的过程，需要从多个维度入手。\n\n## 代码层面优化\n\n### 1. 异步编程\n\n- 使用 async/await 替代回调\n- 合理使用 Promise.all 并行处理\n- 避免阻塞事件循环\n\n### 2. 内存管理\n\n- 及时释放不需要的引用\n- 使用流处理大文件\n- 监控内存使用情况\n\n### 3. 算法优化\n\n- 选择合适的数据结构\n- 优化循环和递归\n- 缓存计算结果\n\n## 架构层面优化\n\n### 1. 负载均衡\n\n使用多进程或多实例分担负载。\n\n### 2. 缓存策略\n\n- Redis 缓存热点数据\n- CDN 加速静态资源\n- 应用层缓存\n\n### 3. 数据库优化\n\n- 索引优化\n- 查询优化\n- 连接池管理\n\n## 监控和调试\n\n- 使用性能分析工具\n- 监控关键指标\n- 定期进行压力测试\n\n持续优化，追求卓越性能！",
        "status": "published",
        "categoryName": "技术分享",
        "sort": 2,
        "viewCount": 0
    },
    {
        "title": "微服务架构设计思考",
        "summary": "分享微服务架构设计中的经验和教训。",
        "content": "# 微服务架构设计思考\n\n微服务架构已经成为现代应用开发的主流选择，但设计好一个微服务系统并不容易。\n\n## 何时使用微服务\n\n### 适合的场景\n\n- 大型复杂系统\n- 团队规模较大\n- 需要独立部署和扩展\n- 技术栈多样化\n\n### 不适合的场景\n\n- 小型项目\n- 团队规模小\n- 业务逻辑简单\n- 性能要求极高\n\n## 设计原则\n\n### 1. 服务拆分\n\n- 按业务领域拆分\n- 保持服务独立性\n- 避免过度拆分\n\n### 2. 数据管理\n\n- 每个服务独立数据库\n- 通过 API 通信\n- 最终一致性\n\n### 3. 服务通信\n\n- RESTful API\n- 消息队列\n- GraphQL\n\n## 挑战和解决方案\n\n### 分布式事务\n\n使用 Saga 模式或事件溯源。\n\n### 服务发现\n\n使用 Consul、Eureka 等服务注册中心。\n\n### 监控和追踪\n\n集成 APM 工具，实现全链路追踪。\n\n## 总结\n\n微服务不是银弹，需要根据实际情况权衡利弊。",
        "status": "published",
        "categoryName": "技术分享",
        "sort": 1,
        "viewCount": 0
    },
    {
        "title": "生活中的小确幸",
        "summary": "记录生活中那些让人感到幸福的小事。",
        "content": "# 生活中的小确幸\n\n生活中有很多小确幸，它们可能不起眼，但能给我们带来温暖和快乐。\n\n## 早晨的阳光\n\n每天早上醒来，看到阳光透过窗帘洒进房间，心情就会变得很好。\n\n## 一杯热茶\n\n在忙碌的工作中，泡一杯热茶，慢慢品味，让心情平静下来。\n\n## 朋友的问候\n\n收到朋友的问候消息，知道有人关心自己，感觉很温暖。\n\n## 完成的小目标\n\n完成一个小目标，哪怕只是读完一本书，也会带来成就感。\n\n## 意外的惊喜\n\n收到意外的礼物，或者发现一家好吃的餐厅，都是生活中的小惊喜。\n\n## 感悟\n\n生活不缺少美，只是缺少发现美的眼睛。学会发现和珍惜这些小确幸，生活会变得更加美好。\n\n让我们用心感受生活的每一个瞬间！",
        "status": "published",
        "categoryName": "生活随笔",
        "sort": 8,
        "viewCount": 0
    },
    {
        "title": "阅读的力量",
        "summary": "分享阅读对个人成长的重要性和阅读习惯的养成。",
        "content": "# 阅读的力量\n\n阅读是一种强大的力量，它能够开阔我们的视野，丰富我们的内心世界。\n\n## 阅读的益处\n\n### 1. 知识积累\n\n通过阅读，我们可以学习到各种知识，不断充实自己。\n\n### 2. 思维提升\n\n阅读能够锻炼我们的思维能力，让我们思考更加深入。\n\n### 3. 情感共鸣\n\n好的文学作品能够引起我们的情感共鸣，让我们更好地理解人性。\n\n### 4. 语言表达\n\n阅读优秀的作品，能够提升我们的语言表达能力。\n\n## 如何培养阅读习惯\n\n### 1. 设定目标\n\n每天阅读一定的时间，或者每月读几本书。\n\n### 2. 选择感兴趣的书籍\n\n从自己感兴趣的领域开始，逐步扩展阅读范围。\n\n### 3. 创造阅读环境\n\n找一个安静舒适的地方，让自己能够专注阅读。\n\n### 4. 做笔记\n\n记录阅读中的思考和感悟，加深理解。\n\n## 推荐书单\n\n- 《原则》- 瑞·达利欧\n- 《思考，快与慢》- 丹尼尔·卡尼曼\n- 《人类简史》- 尤瓦尔·赫拉利\n\n让阅读成为生活的一部分，享受阅读带来的快乐！",
        "status": "published",
        "categoryName": "生活随笔",
        "sort": 7,
        "viewCount": 0
    },
    {
        "title": "旅行的意义",
        "summary": "探讨旅行对人生的意义和价值。",
        "content": "# 旅行的意义\n\n旅行不仅仅是去一个地方，更是一种体验和成长。\n\n## 开阔视野\n\n通过旅行，我们可以看到不同的风景，体验不同的文化，开阔自己的视野。\n\n## 放松心情\n\n离开熟悉的环境，去一个新的地方，可以让心情得到放松和调整。\n\n## 认识自己\n\n在旅途中，我们会遇到各种情况，这些经历能够帮助我们更好地认识自己。\n\n## 建立回忆\n\n旅行中的美好回忆，会成为我们人生中珍贵的财富。\n\n## 旅行建议\n\n### 1. 提前规划\n\n做好行程规划，但也要留出一些自由时间。\n\n### 2. 轻装简行\n\n不要带太多东西，轻装简行会让旅行更轻松。\n\n### 3. 尊重当地文化\n\n尊重当地的文化和习俗，做一个有素质的旅行者。\n\n### 4. 记录美好\n\n用照片和文字记录旅行中的美好瞬间。\n\n## 结语\n\n旅行是一种生活方式，让我们在旅途中发现更好的自己。",
        "status": "published",
        "categoryName": "生活随笔",
        "sort": 6,
        "viewCount": 0
    },
    {
        "title": "时间管理的重要性",
        "summary": "分享时间管理的方法和技巧，提高工作效率。",
        "content": "# 时间管理的重要性\n\n时间是我们最宝贵的资源，如何有效管理时间，决定了我们的生活质量。\n\n## 时间管理的原则\n\n### 1. 设定优先级\n\n区分重要和紧急的事情，优先处理重要的事情。\n\n### 2. 制定计划\n\n每天制定计划，明确要完成的任务。\n\n### 3. 避免拖延\n\n克服拖延症，立即行动。\n\n### 4. 专注当下\n\n一次只做一件事，保持专注。\n\n## 实用技巧\n\n### 番茄工作法\n\n工作 25 分钟，休息 5 分钟，提高专注力。\n\n### 时间块\n\n将时间分成块，为不同类型的任务分配时间。\n\n### 任务清单\n\n使用任务清单，跟踪任务进度。\n\n### 减少干扰\n\n关闭不必要的通知，创造专注的工作环境。\n\n## 工具推荐\n\n- Todoist - 任务管理\n- Forest - 专注计时\n- Notion - 笔记和规划\n\n## 总结\n\n时间管理不是限制，而是让我们更自由。有效管理时间，让生活更有序，更高效！",
        "status": "published",
        "categoryName": "生活随笔",
        "sort": 5,
        "viewCount": 0
    },
    {
        "title": "用户体验设计的核心",
        "summary": "探讨用户体验设计的核心原则和实践方法。",
        "content": "# 用户体验设计的核心\n\n用户体验设计（UX Design）是产品成功的关键因素之一。\n\n## 什么是用户体验\n\n用户体验是用户在使用产品过程中的整体感受，包括易用性、效率、满意度等方面。\n\n## 核心原则\n\n### 1. 以用户为中心\n\n始终站在用户的角度思考问题，理解用户的需求和痛点。\n\n### 2. 简洁明了\n\n保持界面简洁，避免不必要的复杂性。\n\n### 3. 一致性\n\n保持设计元素和交互方式的一致性。\n\n### 4. 反馈机制\n\n及时给用户反馈，让用户知道操作的结果。\n\n### 5. 容错性\n\n设计时要考虑用户可能犯的错误，提供容错机制。\n\n## 设计流程\n\n1. **用户研究** - 了解目标用户\n2. **需求分析** - 明确产品需求\n3. **原型设计** - 创建交互原型\n4. **用户测试** - 收集用户反馈\n5. **迭代优化** - 持续改进\n\n## 常用工具\n\n- Figma - 界面设计\n- Axure - 原型设计\n- UserTesting - 用户测试\n\n## 总结\n\n好的用户体验设计需要深入理解用户，持续迭代优化。",
        "status": "published",
        "categoryName": "产品思考",
        "sort": 7,
        "viewCount": 0
    },
    {
        "title": "产品迭代的策略",
        "summary": "分享产品迭代的策略和方法，如何持续改进产品。",
        "content": "# 产品迭代的策略\n\n产品迭代是产品持续发展的关键，需要制定合理的策略。\n\n## 迭代原则\n\n### 1. 小步快跑\n\n采用小步快跑的方式，快速验证想法，降低风险。\n\n### 2. 数据驱动\n\n基于数据做决策，而不是凭感觉。\n\n### 3. 用户反馈\n\n重视用户反馈，及时响应用户需求。\n\n### 4. 持续优化\n\n不断优化产品，追求更好的用户体验。\n\n## 迭代流程\n\n### 1. 需求收集\n\n- 用户反馈\n- 数据分析\n- 竞品分析\n- 内部讨论\n\n### 2. 优先级排序\n\n根据重要性和紧急程度排序。\n\n### 3. 快速开发\n\n采用敏捷开发方法，快速实现功能。\n\n### 4. 测试验证\n\n进行充分测试，确保质量。\n\n### 5. 发布和监控\n\n发布后持续监控，收集反馈。\n\n## 常见问题\n\n### 如何平衡新功能和优化\n\n建议采用 70/30 原则：70% 时间用于优化，30% 时间用于新功能。\n\n### 如何处理用户需求冲突\n\n通过数据分析和用户调研，找到最佳平衡点。\n\n## 总结\n\n产品迭代是一个持续的过程，需要保持耐心和专注。",
        "status": "published",
        "categoryName": "产品思考",
        "sort": 6,
        "viewCount": 0
    },
    {
        "title": "数据驱动的产品决策",
        "summary": "如何利用数据来指导产品决策和优化。",
        "content": "# 数据驱动的产品决策\n\n在当今时代，数据已经成为产品决策的重要依据。\n\n## 数据的价值\n\n### 1. 了解用户行为\n\n通过数据分析，我们可以了解用户如何使用产品。\n\n### 2. 发现问题和机会\n\n数据可以帮助我们发现产品中的问题和改进机会。\n\n### 3. 验证假设\n\n通过 A/B 测试等方式，验证我们的假设是否正确。\n\n### 4. 优化决策\n\n基于数据做决策，减少主观判断的偏差。\n\n## 关键指标\n\n### 用户指标\n\n- DAU/MAU - 日活/月活用户\n- 留存率 - 用户留存情况\n- 转化率 - 转化效果\n\n### 产品指标\n\n- 功能使用率\n- 用户路径分析\n- 错误率\n\n### 业务指标\n\n- 收入\n- 成本\n- 利润\n\n## 数据分析方法\n\n### 1. 漏斗分析\n\n分析用户转化流程，找出流失环节。\n\n### 2. 用户分群\n\n将用户分成不同群体，针对性优化。\n\n### 3. 行为分析\n\n分析用户行为模式，理解用户需求。\n\n## 工具推荐\n\n- Google Analytics\n- Mixpanel\n- Amplitude\n\n## 注意事项\n\n- 数据不是万能的，需要结合业务理解\n- 避免过度依赖数据，忽视用户体验\n- 注意数据的准确性和完整性\n\n## 总结\n\n数据是产品决策的重要参考，但需要结合业务理解和用户洞察。",
        "status": "published",
        "categoryName": "产品思考",
        "sort": 5,
        "viewCount": 0
    },
    {
        "title": "项目开发日志 - 第二周",
        "summary": "记录项目开发第二周的进展和收获。",
        "content": "# 项目开发日志 - 第二周\n\n## 本周进展\n\n- ✅ 完成核心功能开发\n- ✅ 进行代码审查和优化\n- ✅ 编写单元测试\n- ✅ 修复已知问题\n\n## 技术收获\n\n### 1. 性能优化\n\n通过性能分析工具，发现并解决了几个性能瓶颈。\n\n### 2. 代码质量\n\n通过代码审查，提升了代码质量和可维护性。\n\n### 3. 测试覆盖\n\n增加了单元测试的覆盖率，提高了代码的可靠性。\n\n## 遇到的问题\n\n### 1. 数据库性能\n\n在处理大量数据时，遇到了数据库性能问题。通过优化查询和添加索引解决。\n\n### 2. 缓存策略\n\n需要设计合理的缓存策略，平衡性能和一致性。\n\n## 下周计划\n\n- 完成剩余功能开发\n- 进行集成测试\n- 准备上线文档\n- 性能压测\n\n## 感悟\n\n开发是一个持续学习和改进的过程，遇到问题并解决问题，让我们不断成长。",
        "status": "published",
        "categoryName": "开发日志",
        "sort": 5,
        "viewCount": 0
    },
    {
        "title": "项目开发日志 - 第三周",
        "summary": "记录项目开发第三周的进展和反思。",
        "content": "# 项目开发日志 - 第三周\n\n## 本周进展\n\n- ✅ 完成所有核心功能\n- ✅ 完成集成测试\n- ✅ 优化用户体验\n- ✅ 准备上线部署\n\n## 重要里程碑\n\n### 功能完成度\n\n所有计划的功能都已经完成，并且通过了测试。\n\n### 性能优化\n\n通过优化，应用的响应速度提升了 30%。\n\n### 用户体验\n\n根据用户反馈，优化了多个交互细节。\n\n## 技术总结\n\n### 架构设计\n\n采用微服务架构，提高了系统的可扩展性。\n\n### 技术选型\n\n选择的技术栈都经过了验证，稳定可靠。\n\n### 开发流程\n\n采用敏捷开发方法，提高了开发效率。\n\n## 遇到的挑战\n\n### 1. 并发处理\n\n在高并发场景下，需要优化并发处理逻辑。\n\n### 2. 数据一致性\n\n在分布式系统中，保证数据一致性是一个挑战。\n\n## 经验教训\n\n- 提前进行性能测试\n- 重视代码审查\n- 保持文档更新\n- 及时响应用户反馈\n\n## 下一步\n\n- 上线部署\n- 监控系统运行\n- 收集用户反馈\n- 持续优化\n\n期待项目的正式上线！",
        "status": "published",
        "categoryName": "开发日志",
        "sort": 4,
        "viewCount": 0
    },
    {
        "title": "代码重构的经验分享",
        "summary": "分享代码重构过程中的经验和教训。",
        "content": "# 代码重构的经验分享\n\n代码重构是软件开发中不可避免的工作，如何做好重构很重要。\n\n## 何时需要重构\n\n### 代码异味\n\n- 代码重复\n- 函数过长\n- 类职责不清\n- 命名不规范\n\n### 技术债务\n\n- 过时的技术栈\n- 性能问题\n- 安全问题\n\n## 重构原则\n\n### 1. 小步重构\n\n不要一次性重构太多代码，小步快跑更安全。\n\n### 2. 保持功能不变\n\n重构时保持功能不变，只改变代码结构。\n\n### 3. 充分测试\n\n重构前要有充分的测试覆盖，确保重构后功能正常。\n\n### 4. 持续重构\n\n将重构作为日常工作的一部分，而不是一次性任务。\n\n## 重构技巧\n\n### 提取函数\n\n将重复的代码提取成函数。\n\n### 重命名\n\n使用有意义的名称，提高代码可读性。\n\n### 拆分类\n\n将职责不清的类拆分成多个类。\n\n### 消除重复\n\n找出重复代码，提取公共部分。\n\n## 注意事项\n\n- 不要为了重构而重构\n- 重构前要做好备份\n- 与团队沟通重构计划\n- 记录重构的原因和结果\n\n## 总结\n\n重构是提升代码质量的重要手段，需要持续进行。",
        "status": "draft",
        "categoryName": "开发日志",
        "sort": 3,
        "viewCount": 0
    },
    {
        "title": "API 设计最佳实践",
        "summary": "分享 RESTful API 设计的最佳实践和规范。",
        "content": "# API 设计最佳实践\n\n好的 API 设计能够提高开发效率，改善用户体验。\n\n## 设计原则\n\n### 1. RESTful 规范\n\n遵循 RESTful 设计规范，使用标准的 HTTP 方法。\n\n- GET - 获取资源\n- POST - 创建资源\n- PUT - 更新资源\n- DELETE - 删除资源\n\n### 2. 资源命名\n\n使用名词而不是动词，使用复数形式。\n\n- ✅ `/api/users`\n- ❌ `/api/getUsers`\n\n### 3. 版本控制\n\n在 URL 中包含版本号，方便后续升级。\n\n- `/api/v1/users`\n- `/api/v2/users`\n\n### 4. 状态码\n\n正确使用 HTTP 状态码。\n\n- 200 - 成功\n- 201 - 创建成功\n- 400 - 请求错误\n- 404 - 资源不存在\n- 500 - 服务器错误\n\n## 响应格式\n\n### 统一响应格式\n\n```json\n{\n  \"code\": 200,\n  \"message\": \"success\",\n  \"data\": {}\n}\n```\n\n### 分页格式\n\n```json\n{\n  \"items\": [],\n  \"total\": 100,\n  \"page\": 1,\n  \"pageSize\": 20\n}\n```\n\n## 错误处理\n\n### 错误信息\n\n提供清晰的错误信息，帮助开发者快速定位问题。\n\n### 错误码\n\n定义统一的错误码，方便错误处理。\n\n## 安全考虑\n\n- 使用 HTTPS\n- 身份认证\n- 权限控制\n- 输入验证\n- 防止 SQL 注入\n\n## 性能优化\n\n- 使用缓存\n- 数据压缩\n- 分页查询\n- 字段筛选\n\n## 文档\n\n提供完整的 API 文档，包括：\n\n- 接口说明\n- 请求参数\n- 响应格式\n- 示例代码\n\n## 总结\n\n好的 API 设计需要遵循规范，考虑安全性和性能，并提供完善的文档。",
        "status": "published",
        "categoryName": "技术分享",
        "sort": 0,
        "viewCount": 0
    },
    {
        "title": "Docker 容器化实践",
        "summary": "分享 Docker 容器化部署的经验和最佳实践。",
        "content": "# Docker 容器化实践\n\nDocker 已经成为现代应用部署的标准方式，掌握 Docker 的使用很重要。\n\n## Docker 的优势\n\n### 1. 环境一致性\n\n开发、测试、生产环境保持一致。\n\n### 2. 快速部署\n\n容器可以快速启动和停止。\n\n### 3. 资源隔离\n\n容器之间相互隔离，互不影响。\n\n### 4. 易于扩展\n\n可以轻松扩展容器数量。\n\n## Dockerfile 最佳实践\n\n### 1. 使用多阶段构建\n\n减少镜像大小，提高构建效率。\n\n### 2. 合理使用缓存\n\n将不经常变化的层放在前面。\n\n### 3. 最小化镜像\n\n使用基础镜像，只安装必要的依赖。\n\n### 4. 非 root 用户\n\n使用非 root 用户运行容器，提高安全性。\n\n## Docker Compose\n\n使用 Docker Compose 管理多容器应用。\n\n```yaml\nversion: '3'\nservices:\n  web:\n    build: .\n    ports:\n      - \"3000:3000\"\n  db:\n    image: postgres\n    environment:\n      POSTGRES_PASSWORD: password\n```\n\n## 常见问题\n\n### 1. 数据持久化\n\n使用 volumes 持久化数据。\n\n### 2. 网络配置\n\n合理配置容器网络。\n\n### 3. 资源限制\n\n设置容器的资源限制。\n\n## 监控和日志\n\n- 使用日志驱动收集日志\n- 监控容器资源使用\n- 设置健康检查\n\n## 总结\n\nDocker 让应用部署变得更加简单和可靠，是现代开发必备技能。",
        "status": "published",
        "categoryName": "技术分享",
        "sort": -1,
        "viewCount": 0
    },
    {
        "title": "敏捷开发方法论",
        "summary": "介绍敏捷开发的核心思想和实践方法。",
        "content": "# 敏捷开发方法论\n\n敏捷开发是一种以人为核心、迭代、循序渐进的开发方法。\n\n## 敏捷宣言\n\n- **个体和互动** 胜过 流程和工具\n- **工作的软件** 胜过 详尽的文档\n- **客户合作** 胜过 合同谈判\n- **响应变化** 胜过 遵循计划\n\n## 核心实践\n\n### 1. 迭代开发\n\n将项目分成多个迭代，每个迭代交付可用的功能。\n\n### 2. 每日站会\n\n团队成员每天简短交流，同步进度和问题。\n\n### 3. 用户故事\n\n从用户角度描述需求，更贴近实际使用场景。\n\n### 4. 持续集成\n\n频繁集成代码，及早发现问题。\n\n### 5. 回顾会议\n\n定期回顾，总结经验，持续改进。\n\n## Scrum 框架\n\n### 角色\n\n- Product Owner - 产品负责人\n- Scrum Master - Scrum 教练\n- Development Team - 开发团队\n\n### 活动\n\n- Sprint Planning - 迭代计划\n- Daily Scrum - 每日站会\n- Sprint Review - 迭代评审\n- Sprint Retrospective - 迭代回顾\n\n### 工件\n\n- Product Backlog - 产品待办列表\n- Sprint Backlog - 迭代待办列表\n- Increment - 增量\n\n## 优势\n\n- 快速响应变化\n- 提高团队协作\n- 持续交付价值\n- 降低风险\n\n## 挑战\n\n- 需要团队高度自律\n- 文档可能不够详细\n- 不适合所有项目\n\n## 总结\n\n敏捷开发强调快速响应变化，持续交付价值，是现代软件开发的重要方法论。",
        "status": "published",
        "categoryName": "产品思考",
        "sort": 4,
        "viewCount": 0
    }
]
